002afb60cdf6b1cb1e682b9207e85e73a10924165cbc601abbb1cf4773fcd4d4,37860258.0,87584.9713285311,1040413.2602657289
0160be147f6be7c67a2d01cd49acb06a4d8de22aa693e46755eff09a8faefdc0,178873372.0,74158.0680885924,897331.0322847919
02c0711a83932071875c4fb72534143b189f94ac9b3c50fada6a6dc4b7d86bb5,290628148.0,59277.685979011585,813936.8478969643
031da4b6709d7e101cb651b6de5961869b7a1dad688aacd12555b2ee6683374f,732822500.0,21522.103683200778,673833.5121078758
0368cd2be48db488b611a83c96547ba03c1c5d3ffbebf44b2de99c2ce7682a55,261340914.0,75317.59166176048,844785.6032450293
04e03dd5fba655846a6f164b1a05f2b4e4830279fb42624f4c7a840e47b41b77,228477502.0,62535.70735824142,858489.0207593512
050dd2621b92cd9cc6fa33aaed00487111fb516b676ebf6b07a97fd5ad81b3b6,99943142.0,123344.56386128228,1003313.8800715242
060a672fbcaff86a307b3e6033b837e3b4c89c90a2db640fbd0b4b7c4b6aef53,232786324.0,84318.92671551427,859938.0852509429
06e0f594b0695c0b6e2f57380935f82c4c386a7a6298f1095498bb35609f3adc,67334846.0,93395.08366770395,1029606.0862385626
06f626dc807a886904ab075e247dc5530792cdbd265b58210c521ea39b8b5b04,116370556.0,127349.90297492687,1045346.300021177
071942fbb3852673c2f7ddc88b3d0a3970cb2cf3e76968a948bd2c729690d746,236758594.0,60529.32414680878,845342.7374999701
0871bb3e88d019af6a2bdb00d342ad4eba8c37c1e6b1019978609198881488ae,63675536.0,132414.8119370193,1049938.9366671087
08912a3b3560fc2b37951af514a75c08ce3620db0dfc3d9b84ad2def5415fdd0,156858396.0,82124.07286910627,899162.1157387078
08bf52bad91ad1663d8d49587e415e87dab31d507f0aa2d87961c6089ec0d656,38722778.0,111641.91530276094,1111493.227462284
09edd1207eed4a1242d915143ef41e3285bbb7398d3a7440e7de200da93c735c,175496874.0,89795.00011348703,890838.6025450039
0a2bedbca10a4fcca4945754adce369b306a5bbc4ef17d013a96ff092662e77d,152979878.0,145670.83181987188,1012367.9667476816
0afb5c6b4cfdfba496f07941c8c21d696bc2fdca550f2c2b2c46de2d8fcf74a9,141591904.0,65114.73624167412,890885.1134118506
0b376407a985ce5569e5c26a8726d24b141008d4601dade1ab77aa84430987be,90053024.0,83166.27741173033,976797.0826083957
0b3c75b2871f88890bf1925a69ffe56351c5b7e7fcb45575393e8d9de26a8f95,125220174.0,70667.73503714007,953191.1533224046
0bd3aff74385c8829966661008bca566ddf56bee1d585eddc43aed5c901feef3,179901636.0,70267.90370311073,861795.1575446614
0cb4900142069779255591a5b308da2e5b7463b0267762b4ab53c71eafa4304d,309328090.0,39063.33144009341,745173.3300304384
0d98ed09ee33d75faabe984d4d9a791312d9b13dd5276461f4f6ae08bdd7d3bd,23812166.0,125871.51915397639,1082553.2173252301
0f9a281236bf7bf9257e9c4fac9f65e6ac840c1215fafd4bb0c94b3347dfa596,56618960.0,87729.39421872447,1021089.4238614937
0fb8f64650e5e42cc986aec9e6352aaf2c8f5f6a7ad543a30b52d236b4729521,261272798.0,78061.31951347312,864283.5440629172
0fd44686a41a9083b39efd496620a2e991efbd657a96c7243a8bc7d64c96f8db,248126028.0,134192.1107076336,917459.5278152981
105ae525bfb226da997fa85d6fcbbbcb6f06491c041f52c9f02e22977b45dbfe,166329526.0,62698.240358873714,902733.8887383523
10c467cac9871b686bec717fbc7e22d183b7f20a3b3f7ca1d2fa13237ecdd1c3,188339158.0,58115.36458450174,875869.4848177158
11724091bdc1964e32cd019d327307a82c5c3b21bafa8fa75d9461d7501645e3,102160168.0,76320.43074769135,968606.1256804896
127b5e73027729a52ed4204cb94f908422207720d8e3d75dd20bdce4c244a668,116076812.0,111158.69262856054,960832.6381554044
12a32c4a22f5ffc2d97de3e5c6eeb3ea6790d5699b60f1d7a784a3f7dedabba1,189734432.0,84034.00212985165,890145.2301782109
1347692a56e686bb950da02be15a216d257f9cf76aa6809510a708060e8426e3,226282678.0,147523.6572872957,1035937.4916424856
13769bee54619e942ab7e45f276115c523ccb7587408672809960304ebd9614d,138275376.0,88730.99771642941,990934.9277123465
142107f5a095312e80310e10d1b70bf1ad17220a694c019eb701154740e72d96,49784424.0,98283.64706481904,1111006.1423152753
14a1b685903b0cb8241ed673a7f4b5c76925420c1ca80b2101055ee139189c1b,39168956.0,168023.3455582024,1110004.0665171708
158891565fac1199ac3958d76b666ea992b6a1242bd13ad30d8d0aecaf0b59a4,206867048.0,81763.01435761583,877988.4185677636
165cf6f878ed910ad75d0c5b2671c299e744cdffa2049b19a192ad4f5d851600,61797792.0,143394.30570590362,1072596.655877245
18827f069f15b3a089ac6111ff1a9dc2f881a23c6d846190f00a8fda771b500f,40363180.0,159390.77113374864,1118640.2579158673
18c63c158b7bced3de329098ebd0d0853d2b34db26e7f2c99f045d24f93a92ae,349622402.0,75642.68306494322,797392.9444846128
1934d7d5d0705fa255df1d3341b6bb39499e266566e286c05710252d5787bc00,182484264.0,67860.44937425702,918921.8525855114
195d57c3051aad13d104df8a5bd9d82b368cc824221a3db6579b766ff2cadff8,37562400.0,103990.64120796118,1090499.8097451162
19ef331d916a2544651faeebf3b7bebc31ee0850655276695fabf9c88c81c28b,134071774.0,99153.6551996249,960282.1876729887
1a47a4f8829c9cffd4dfb175fd34710789b465ce113732e9774dbc7f1784a151,36639838.0,101327.72643104383,1125059.1858061624
1a6b2e57a5e4a0e04117a6f95c65a5fd53d39361ddb58bd7eb8fa0cd7a11edcf,77716346.0,75340.3935386364,1004896.989372766
1c144e7ae524d3334f1cfe22f047c991e092b594be106e9d723684b0f2f4e2cb,208961480.0,65918.3137984903,849509.2670404002
1c745c712a76015850df49f7ce2f7f121aa86e4579c18c862dd41e30a6f80140,29029372.0,137116.60699913016,1196858.232344718
1d346b4954385de614c1c67e446339ddb655319990d4fde5db6be903fd774f2a,36652512.0,160751.11446617352,1223054.8112218627
1d72d26495c045986b5988ecad01406bb9a31d5d6f0c0323ebc16503161cf564,55164916.0,103069.72280152875,991220.0197782578
1da82ab25dfe1adc7f26c8a8386a0c8eb509e4618e23dac126a3fffa51a8a8b4,30951994.0,109051.50708264246,1079107.4832340637
1dc0bc931e29927d01df156b07d57641e84435435eb610c5ebd5936ef3751e2d,15248256.0,148597.04215132023,1207390.7079079319
1ddb48eda9bb64f12a41451ff253ce61bc9af905b862e22b38a6fc451e7089a9,95903810.0,118250.13213594386,1051516.8480984052
1ecc2fcd3b32c9d7690ac3b1087e27d720db1994eaa60e2878bfb22052d5abbe,463609012.0,43794.73561991527,739170.2340861973
1f9a7f1d058de0a86935f178eaa798ef4b545602d08bcfa0f26efb79e280ffee,217693404.0,95541.43272898953,854050.0713953159
1ffa857cbdeaa31fa5b5c6c0e99842c14e4aaae4776eb4a3ae2e7980c1c5740b,58098606.0,85954.7841166619,997925.1747238577
2042f7eec49c9092df02c5dd622968eb024301cef79abede4512d6cceefc0a03,1242198504,102259.33490272185,2569263.192059091
214ab736c480e30741eb7988d887f367fbb1e1d755955f1077ca78e0b7280166,191769532.0,101983.85983022147,913535.1092158807
22c25a1ca7eaadab3acbc87f7d334f3ffe75a85389ab479493827c01cad98660,42209214.0,88137.54128906914,1028857.9861946304
237a78fcadaa888f2b2d41f7a67a05c75cd2c314423f9da376196ddbb513d24b,228315734.0,57147.61558488302,875328.792205356
250371325361fec6ac23b922a81b891dafc9e2c41b7f0ed0e42725c3ad623d23,303586472.0,57616.886148285004,804150.8215776798
2670b2e5dc86c26fa45032f047aeccce8da9b83f233f3f3342f6cd7fc7847b4e,88431932.0,64752.96644165404,918346.0342745043
277564bf474b082b4f476ef55b8e94d8a61c974a9e3975eb514eccffa2166bbc,63881480.0,102653.20931718893,1041239.7561778291
27e0d51faac88c9dff902647a4080da5fa721091af8e182460cef9ed39895542,124802474.0,82253.48835844269,869135.4015645282
281ed071f0e812dc169738f666eb0eb859e778c21be96bbf38aaa07c57463d03,283920834.0,34320.21939618088,792352.1336248914
28d267ec3c924223cf5a7a5635f53a8275b1c3ffdc7a72841fc0b949c88c8095,119438676.0,74200.95019883479,875486.3701566288
2980feaf35a31951f843c95e494a294919cbd618ab702d43b23b9f2ffbdf6964,159660592.0,85445.82082359596,935714.9668657472
2986bf4eb7120591126def5015fafff6f45666ab257957e8252c8a4d958e457a,201545844.0,104000.97976133325,949409.0799043768
29bb269e0f51fbd1ea5e78dcfbc710401ea132601e596eb7afee85222508afcf,163612124.0,61948.15344827097,881114.2944748292
2a322a10fdef1f6b26c549ce8f759fd651c5ec4fc646b78c97813ae4460a4895,393325456.0,47088.49321571078,845467.4378732799
2a5c296b42de8b04ae74e9ca106b92d01d7478d9d724ad027d41bc897eb30057,34200868.0,106536.197568786,1070900.2408697756
2ab320c8608cc355f27520d7bad89c6a5fa8cee5164d1718b63ed6a76d694333,49620160.0,154626.2081806956,1075831.4287740078
2b6e0a12798339e57b59084ffc506300d5bc0cbe69dcac103fe229523e5a1dd7,169724278.0,76520.85552061509,915401.3646992362
2c7e270dd83826183ee82676612531ef444a75619f9f297a894fd12b7eb4829a,121286054.0,92738.93827949063,943004.1458135472
2d3773dcc254f97f7eed3b7d3d9a8fd8f49ae3387a6c1a79d4c5b9c074416f29,49860460.0,94289.96371072989,1089938.8269759852
2e0454dfb936db716ede75c95f6dfd3ae3c2cf63b34466cee2efea9d2d671fb8,172671210.0,56075.96337211618,889896.6223237839
2e30ca62e4a83749757e16a93e774f69d349611a3a8d74f02d6bf449d73b4a40,50013420.0,91292.1460525516,1045586.1283840544
2eb6308f901f439ccf3e6d95153abcdf50bc8fc18dd395819324efb879fa877d,259668130.0,81726.89631438504,877645.3495622396
3080381b9322f8893a5cb6dc95091515dd1fa56a58fc41eb17701c549507fe83,176929168.0,134152.20639902895,964119.1697690033
308c524bde7c23f106c3003d25b686ba7b1e240993f4a8e32ce0c7af94bd5352,76682978.0,117462.72870079738,1020601.0414681531
33a4b9accfd4b9b384a88b06b7c053a7932a9468f0ceb8874226a4839e070105,135591882.0,62209.54728383586,915348.8302026355
33b264bdb012a82da4c8558948b6fced2bf0ba6a8b19c1b704337f534eb8ba4b,368665848.0,92825.48468771634,849869.8165341481
33d400cb49bbe957c3ecb98a433ffad4281e5350b19c3c9ff42ddd17b12bfdab,362836594.0,59859.87089769321,825215.6307783523
342e09fc40fd9a6054c65f4d654b8c900b80e8f31db130bf07af45b6c281586f,60562426.0,84854.13063665993,922284.3427888138
3440737f4d596f1ec5bfc08e15b13549579d6f2d98c77e195a7ca11405440497,156216470.0,80053.59501441017,918449.9823345575
34c2d0fd8307f9f4b3fbcbbfcb64e805a4eeb7389111c303524131bd1961f226,472002610.0,39225.526613586204,827119.276058357
352f2d1b0cdf4c22f90e84d2d2eb22f8b3f09ca1f9a282b0e8611ce997ee0247,280290542.0,32152.821034692468,822271.0224104889
362f881c83d70142865ab0118399d4461bd016e5a166700c7014d6ccd04e2757,158937696.0,92174.16432766311,963555.2914223907
378af00d49ce000e016b6bc6fc61ef3dff1446049abeb9fbb344e99fba493e89,48311468.0,149846.52187362878,1148864.855855289
37ec03d9480122dea9b3d8f8dc3276e87e4b76d3645bea23ae4f649efc494667,111836192.0,89624.97790944685,940185.3986883252
3830a41363d6b01b4ccc2e3f14239052d9f92fda279c10914a9e09fdc7629e63,64149460.0,83858.62740089672,957784.1280833811
38a510fddbd4a2202f7ae19bd3c205c04c94bdfa1b41df83a3950977a47985e1,44181912.0,161473.02932963686,1119312.5123345947
394dbcc4c0d7fa7c0558c8514ac6b06325a96d57a4c27ac0b07ee092e0042c3b,104870838.0,77851.1790337663,946005.0244496925
395d87fddeb3b536b3e59f59182cef91f1762b38845475c82c148f68b1a03564,221512888.0,73839.5620403677,888382.248497754
3c48c561421945c8760573e96ee85630ed1e8eea4a1f8816cd160ec2afeb3c2e,104555068.0,86441.922116221,911796.404020126
3df136f5a44358170b57f69f58571913d0210afba23aa98660690fc84693c659,291148356.0,126534.5333449332,938401.8680555411
3ed416b74bc39da779eb7ca93b7e95f1289676f2435fe5c16ac989bfb49abe9e,247787412.0,57930.40275058258,833341.0210685356
3f69e3671e5f372a145a7432a4823efe298ee727f5905b88fafd79217a2bc3f5,284266122.0,65673.24369300363,808866.9732894442
40146951243a18b4fc6504c02cf4e4ee36a55300469f0b01936096569ff99309,74672742.0,98622.43170930588,977488.7839540753
40345175cd947491b8cc8da4523a12e5ac6644ea87843dcecd6ccf7c9130b99b,169165318.0,58521.45556205906,840080.2898335953
40b1c777fe512e5d1cdc42f2ea0ebc49e6f6f8d45cf304fb80e75c03e01d19fe,329217634.0,74970.65417084667,866880.9222887198
40b7c3fbaf2b6dcb156fc84a7d893811b58ded899c678ad83ac369597f363240,141663422.0,87573.73051723409,896550.7558061471
41504816a51b458bad95c763ad9d7cb941cb3856ef2f5074cbda2731e886654f,107347024.0,89007.96024905433,957266.9530021526
42f662001cceb93eabf5b9d181bc5f1d56830992be9c393da934ec2c4907076e,136597346.0,70565.805955424,973266.6456771292
438870980c4ac04b2379210ccf8729433170420ba3a50a3593634e1b9275b54e,40558134.0,110962.94784728532,1071497.1565217155
443482444e782dca9a569b890e5b2587c74bbfbeec9512bf1c8cce95278e732d,360401708.0,72966.71930942457,838720.4732802687
448485c44d40fee526128e042be9dc7dd5d96196593a241d3a8ed4d2e7ab5806,1427698944.0,19778.248435800655,609813.7331885624
44fb719de80cc19bb04060c27c9dc17655430c5b6648f0a0ef743ac496340fdc,147182122.0,94713.30802590822,914368.5281882974
450797d9343f4900af31ddbd2b2c1be0b5c4e4509b3ad41af151968aed4c272f,524797542.0,98542.64070093677,807323.4467973149
4546ef5ab2100da0f14ece490be9460538b863238057dad2b5a5333fe4fb07ce,93643062.0,140054.30600834236,1055164.8143226912
45a6a0823d2027f8414b274956644a69a9d7968f6bfa3570466cac8d0c64cf3e,166491374.0,72037.94894242856,898303.1410940641
466b363a85d82cafcc7045c24ad0da9cb86576af798bdc0bb2a38030ccf580db,86051294.0,71631.50476104127,929608.2094989567
46c0f83328e8d7b6cf7326299102ce0b11b700f57e25dddd0754325988d9e448,331391266.0,73361.08244332143,870506.4683154853
46e2d11ece5c63343dfdfa71a8bec1fcf31879d832ca707bc1f518c5bec10cb1,92229676.0,57004.63581174764,924426.7332392876
473e82081024fd372df2c07fa4828d71ce73d9d9f8746b3e12937c88bce41b3a,56991126.0,82292.2643309568,1018307.8886749017
47c81268285febdbdef4ce045c351a7d41f2bf4b794bbad66e983568b34ff934,85519216.0,113266.01178229095,1053395.2842410246
49232d73c98612a30a9e5cd8616f6dfd6100dd8c46fd15eaee951058d6719575,31069292.0,108832.9971549,1117629.4407902157
495a77b46a445b54d0561ba3c8a1e9a3f6d364ce44b5b21d620177de1749e20a,58459364.0,94822.4562856418,974927.947139733
498cc6f28acf7e5febc64c43b976088305cca18bee3ce7c296c03b88b13fc457,84663566.0,65997.10517216304,979934.5619244835
49b69300790993c165a4fc0e37ea713c30180fe2feda8bcf3ae05981a3d87e70,241699330.0,95695.32957273583,857648.1676186523
49d0af0f5a33234898911c1a0ef249e68ea5863520444c225a2c62c808efae0e,481834590.0,69643.7583286631,796660.1926048248
4c4d245be6d41c614440e608990cef96cc36796f50b92f91d62873542aec7a6a,52635504.0,145839.7477177288,1079365.788339495
4d221580362d98436b8bd8b0336c9bd31e15fa57cd3b471dff4efc9210c168d8,101701614.0,66005.5510013047,904915.704350024
4d6d7e5c0cd41a9205c2eaa1b24d0f096d326cdcc8ef31af5dc552145fae2cb6,144185354.0,67198.66949748831,917923.7716551766
4ea101a0c29bf8df262a716fbe54ca1daec88fdf62336b0db908fbb45382e75c,80246892.0,81619.5800970739,952762.2291240332
4f06d37ed4a1f8fee0fcddf890e6ea29f422b2fda2c5d25fd51a6b5440894a9a,71634512.0,78604.03079825552,952696.0039851934
4f55f6881a485c17fbdb0da4cad0df3c7f2a4e425f814f151eb1ee2bf88a2eb4,124429598.0,73741.44093583856,877946.8090934586
4f7c0260c8c67c3d020965df1c3117c88c280a97bd636fe58d6aa9fe2f0c66e7,667197198.0,55078.95451909871,758686.8435066817
4fb713801a477d03b9abe672404c5c2faf614a258ea135a7a246ba41504b3b1b,439441796.0,38370.38860451311,762792.8333758586
4ff870d653fb9c2e22dff961a7dd0960591e0aaacbc5b516e7a84f511da09e46,621992876.0,28087.274046296745,680074.5825765769
500321c46202923aa0ad5c3856c509c33de7b556a701aba3ce378db36bf4d018,188212282.0,73791.57866557062,881588.1650473602
50249d22d4372c99109f91d54f361616247a5f9164a10c861aa61204f8384af7,284692772.0,61045.76495738842,798896.9034933536
504964782f4905cc4990ac728d3d8d70b43d11b7d3fbc8d36455ca6fe4d72f88,126321438.0,67263.73928523182,885333.8874875113
506f8b3181dea602c325619f9fcb26c7c2de4e9950fbd3df81059d8caf5f4e89,411149764.0,108672.7018886866,878497.0523925817
50d9ed06649e6d74e38cea2ed16fdc774820c1fb5b0e231d11fc1c0c96142eea,143946688.0,116118.57159208189,951841.1976909805
5128f4995486bbfac4dac8bbdcc7b7fa7a39c91b63865e77e093c1889e90ae8a,147546484.0,64801.711203267085,894849.8044260644
513fcbdaeca16429c45bef2c10bf597297a450bc3741f30e8d0d749a34bde7be,288644882.0,43840.21614445426,775683.474729554
51683bc1ef651b51d7815722098ad7b5c92b0008d2d4a773d078c397acc89813,119488526.0,123874.98182015754,999676.8109535722
51fb09370d0bc948cceac706db786bf6ccefbbf0f0c128920b84bc6e0fcbc696,368335778.0,76664.38581325214,920161.1949561887
52dc1b9d848982270aa0b6eb44c2084f169ea9df07ace0e31f1271b55ed18e7d,44848702.0,151271.15287636098,1148644.5192532837
548155f8af8915c015882afd704941b5e75495d5743af032e64c9a15a1842059,117468398.0,72596.77481024261,869086.131398512
54e593a804360814084176e871ca108c63a03dc034168ff2a88a9f5b6bec270f,436212190.0,44586.60466337763,795156.1950237158
5501b391afd4600c77d0ee88bde90a7b03176f9dccc944c4481f855283192901,86424250.0,97296.91112659652,964504.3139046775
557a304df61ce8c751f60a7fd511d408be94f8abe9d93600fe90aa14141741b0,220209554.0,68232.51595385258,865292.8907202135
559ccdf0ae62d3bf4eb4fb9874636bf3bb631ea3620a028e33c92436c901b847,314186882.0,113347.93157748498,873020.5354050759
55ef02cc40a5f6a4d89b17123a944d65ebf03d9031a1420c1f5e11948c63acd4,282806660.0,65022.90294349956,840828.3737279198
5690b4695f74bd11ed2c7b8e967ae7532f15a22a51441ad49f4d05b4e039d9fa,143407878.0,56128.498508603676,855703.967977226
5691b2ef4b5b948ab4dd3a828d9592079023a1a6693ce0486b76858afc53fbc3,34087346.0,102453.62491917625,1076996.5358866742
56d7e371df81d5965900f76d7aa55a44a1ebbc81d26a7a700eaeaffe1e8d1471,34879622.0,146279.84376187294,1063462.4166996493
572e75ada7dfe8c31f5e3cc6a8abf14291b580c228501342104a3c702100d832,283811246.0,70634.74475097205,841607.8173298303
5733b953909b539a4e057b41f9f3b97d0b20bf8d5e80e652d9883226b1b06d05,475061628.0,58868.69813895838,773436.6207811049
57cae09c0b684278042d5a5d0305ff835286055b34cd8c4582faf85bc99793ee,275596910.0,54407.21722445489,811672.4042765584
580f515d0be476064bba8987f87ee0acb8f110faa891457c9fa3beeff5577676,26327534.0,125875.46430856375,1136074.754912626
58618e731584e6f609e3238e63826e79e4b742e23d9b044d08968c6ccf4dbc91,204466036.0,47228.32619338913,844097.3855214156
5940632e7f29dbc9c94ffb8d271139c0f85a0a4b1bf82960a974dd2d3ba6b649,108534118.0,80078.36221927973,913213.462548303
5a3b0028c917e73729a1dddf1d99dc3019a8dd8e703671b207a7e0b546a2f541,364953496.0,102776.7688746931,899145.5879576494
5b24adc2fd6b08c54387d632af38ea7e66b80f3e118187874d24471b01fff808,133453258.0,120911.83060876242,929878.7669329424
5b4b7d983927d01401f5dcc0b5bd291e9204155b4fde19272acf058229dc6f3f,366393936.0,65990.20354918439,809386.2893180903
5ba86bbe5bd4a1269412e7ad62aece1bff56226eafe9998e63f2ba7da104f491,210526358.0,65566.9210770578,838605.9471537303
5bd62a503530c0880cb88481e5f83e2945114f2bc8406d2fb0e49900c734d501,444681802.0,62908.56706755485,790585.7556653857
5c4f5340ba9c611be8afb6756e727a54fd26f43346db30e70734c38f28ba30e8,1123907620.0,58110.803727993,733710.3946318317
5c7f72db4caf1c45d0442237b44beaf29bc600fe0427277f7b506b4496eb830c,149089782.0,67710.32229071658,950531.2307915683
5cef9eeb9a79ddbdc1de66e23b852b3faa3f3cc0ae96f57b37df2b3b8b6a6586,189136214.0,75052.74373296226,889697.16032135
5da9f424a93b5325e250b20aa94d350b6b668ddb62d320d2286e52baae5ffeab,122054358.0,74856.34043120276,880050.8253375515
5dede42c46bd6226720178c1b7235d310e129208a04e2adf67c87827935ca375,13636816.0,370245.554150264,1640555.0655455492
5e3b13228e394427c574b8cca39f146ac0c321fbedc547ca3148e88fd640168b,139866304.0,70767.60383591105,880620.2189613942
5e89ea5453f9a25b57c84a8e88cf5220bd3f063f74beef9788441eaef80a531d,357472346.0,136604.60860443176,1014893.125960942
5f0cd5cbe23fd5022caec34de13fcb83a961f635dddf7771d931882efd611a8f,174123468.0,86893.57878708902,914615.4551848304
5f1f8c38316c0841162a2b935a43351d2f08bce0c7e36053b4f8fe463cd75886,90299846.0,95623.08213986439,983530.1823419739
5f4186a9e4865ce2c1af20ff038e462a7aeb383ae51f5d92e6e7da993d9d9e1a,156602644.0,106695.65308437718,938363.2954432166
5fbd8eb6ecce5be88d2ac75b167a7d480278a2cb4521013f11feb4834c517855,19115466.0,209724.1767026008,1249290.975641715
5fcb57ea7927ff74f58b926d0b164c5c5d43e56ffd001dcc1ead655023c6cf8a,68160528.0,81300.53971535784,961217.5304756339
61228dd7d355fa79530aed9607d5163f2c6da9d4e4a3d65133667958dc16d336,88641186.0,78477.06575351617,986997.3079074054
612d6cda96ae33859cc66f77c1b4848d3e4161d455ffe9a83de9dcf53f0f8d08,80460946.0,128493.4948259423,1017524.5463503515
62617a46eed8de8729677a8860babd53ba3bc189645d0e15f4712ec37e1d83b1,535446436.0,61937.85756882435,791188.231115627
62d6da602f963bacbeb698f94f7f86664d56be460bd82c12230321e107e241e0,179476138.0,88686.3650159077,906557.7156152418
6319e4f27698e41ea5687b4762821716adef9d8d080b912a0e3ce64663517148,293548466.0,75109.68311443026,855902.7335405267
638e12b642c202b96a3f517aec3335b6a6199373d8e3a3245d6ed4defb262b9a,211798432.0,51502.673426640045,819300.9048221254
639d34625c7528288b963fe5e268546a2766e082d60f24037ea98c83902c51f9,40490594.0,94582.0651414159,1009298.0902462155
640c46133e2743f017234dd7820265ebc44529ade965451e0785cfd7e58a7e57,94947822.0,133688.21784921162,1084563.7693170204
674a2bf8ffdbaa03afdc2f5d7cfe9f48a37d2bbbfd0794c51b6fb785cc4e0707,141403012.0,81027.76533229543,904663.6578583899
67d22002e535fccdc5584ec4c0bcfa3f0fb8129fe8bf483b13673b943b73e8e9,406517220.0,56991.204464284725,764562.637611302
6a185c3121db93ef7ba6b3498dd76e57922696026e10f6448b3d8197763ded55,61195432.0,128524.4534839218,1046363.1083900934
6ab76a07fd225c29ff0692633b829f1c0eae4f94e78e3c323fd63f3eb4a49756,287922576.0,65953.32911660327,784571.8076606595
6b724a639f125180a3cfa84bf582dddd2ee0c2771179b465f0868ff3517a19a1,171269710.0,56205.44177504649,902684.2367032452
6bfb52698a7fd0d7e97ec8ea3af898272c25c034c5bb606dc3970483a3b5b04c,220003204.0,60106.30649895769,834659.76972146
6cefccc49756dec2b4774aac478436e007005934f36fe09d4be60e501ddd4e30,83124964.0,106434.85579202975,1010838.6550635992
6dab6fb524e7169dc4bf6225325eff2d3d926533e87d589bc2ec06b69ff93070,13091652.0,161364.56095527342,1155898.2552118064
6ee98ec30e836e4eefbce3bfb3e994fabf302e9ccce4520382963f9082c15a7f,358158366.0,102216.8030259312,883962.6886899214
6fc3259cf1c4d8ad1b5388787e22d2b2aec9d851853b5b73e68de2c4c0af377d,114175120.0,106584.65937516763,998412.095728735
6fe05f7f2fad4724c66f6b7bdb452a501fcdaf1582a44be0b81d0cb5f067c110,97538472.0,68526.40260543834,926426.4444910189
703f69e64c1f243c1e0f30874f48d235b73f920dd2fecc74d4023405d5d50d2b,282995714.0,99524.71289222494,885196.1897104896
72278d576aae76d98e9665118cad634441e3f981ef1a5b69c020669e86717059,375928092.0,44135.79425120939,772571.5506163313
724af92a89cd343b19d1b141716103ac60e571c9e9352f795ba7ccd73d876f72,54103542.0,149971.8831048739,1119529.7264220181
72e11d4c93ed7b5850ef4964cc64b5b5e9c6730f98a27353dd478fd6281c9bab,323819182.0,101705.43083594665,922567.2222534433
737ee14dd793aec0fc00185c5cb30a2379450f4c62666f94b18cba3e7691d817,189827148.0,94278.69566884045,987856.0031673164
759eb7b5e26d1be8afaed04267801445da05a1a77f8094f32f688a0607236bc1,168061402.0,72440.29053171673,885277.1153406288
771b5851b9584f4145e70aaca746b7bba64db5044d0ecf69489081ba2792ee86,450173074.0,36959.15427756597,775751.280921276
77a382c8150326e53f7ddb04fa5e10181abc596346b06ee44da153e4b246d246,63332210.0,89591.37945596139,959633.2749609442
77dc9ef263ed78b08b58ad8f70faf6b2844402da80f6dfd26fa32c4127b3f6a1,235655780.0,78321.03840389635,929705.0878712018
781e205cceac658082fc10faf03923093a020aebe667a653ac45ad4c5ee27873,48081380.0,85940.4251914629,1049894.4570605434
783b7d389003723ea329f0a050ba2993bac9e82f8ca1886313785a1147b91cb5,113980058.0,83374.93001799406,925858.7912668511
789e7176fdbb3c8c1863a6f6ebf78186797ef9d1ec2dfb3a3eca9687706df375,89329306.0,124278.14426263348,1003550.9500412644
79f88d92f5338f900fa100b590007855dca1264b321f131b2e61e6787e6deb86,50726580.0,161472.02995403804,1219774.3863241647
79fdce5d1fc9c07a2dc41ce81d9ed3595786175274e560601e344411d0b638d1,240446018.0,59594.46364290806,868117.7045743286
7a0dfba84ddd754d396923a291f95f6391eea2b6bceb132a86ca0a8d70f83ce0,117594512.0,120286.90267593539,996009.0126070624
7a6b78e68659902b587c3bd4127e481c4d13ec27d0c9deabd4e6d61c223ef353,267854492.0,50178.32840432126,798008.9008480429
7ab40e3f9f0e5020d919c9cea50879f58e4bf94ca9b3166dfa0ff54d56895041,38559488.0,97721.44696814734,1007974.0490800092
7ad47d4de2a54709fe3b8f9566b2e8beadefff51dbc109fc47e45634ca4e7d5d,150422076.0,106462.77206834465,938967.1243572454
7b01264ea36ed47e588a83fe7c906d716a816cb020b9ddfba9e7409cf8ee0481,121020226.0,98256.27515420875,980305.567404325
7b47d30988c7465e09b4ad7aefdb6556751449b1d837dcdd2a398e74ee8a597c,145202910.0,66753.29808374732,838698.7298932424
7cbe2f682b117e314d28dfdd42971eb61093de271e29670e287e0546a4cf1133,75703810.0,82558.79700418664,965298.448480417
7ea44db8b01d431d03dc7372c836fba31063b73d784accefce57e2f1d1fdafa7,31964594.0,160870.65723390953,1144383.9681472844
7f53529a79cfda70f196102c62c5405081433df95070a2591bc49f86539098a1,55128242.0,124528.09834882278,1076114.1910063047
7f6d0591e904752d07a1db819c600a81310e3b3be6a9a1b86759f79f0ebbbb97,443845014.0,73004.32705561926,799294.3163513925
80253ac7af75d03d5d7288ceaedac868a24aa84ed886f990149311c7ef4d2f46,323005900.0,62446.11787700199,796551.1887567271
80535ba2022c0f58b3cfa842895831c249ee5ab2e208f659353a18244b1d2492,201084846.0,71528.75143277786,883821.5979860909
81412c23aefdbaaefd1937d9c508a27a5da52a19b6f338ff53ec9c507675f033,38709788.0,125607.59711974674,1091879.3448480521
8154380998d028e318f190e59d15b873c83cc1ed2d558d6ae42f627e1ebfbaf6,119698882.0,76992.79657277123,906497.2115209408
819916198e6c7da71a6ce100b6c0023e2932c1177c75c5490db373df48432497,31232238.0,147991.6219037224,1135123.130598343
82196df58ea23a6eb189931bad87d27831aab2ba2787ee862354cb281e8692fc,27278718.0,94463.34947494658,1100247.2797797783
822e0b22a79b53883333d90591ad25f81e0fa7996fc1274686a1b3567eb4f471,93914350.0,82084.48536753033,926463.6402519348
824590b2329fc04e9015f1f61eee49f6526edce33d56a2fa6dd5b620b568ebcd,150079472.0,80492.81637218354,876037.2679097084
82f145a3d8549e53e71b5e4a6eb4952a77bf073dd3f56c6f1c0ef2ed862dc6e4,220603094.0,39808.58629666486,839056.0317666682
83df17b5d854acf21dd6909f4288041cfde74511194b5fd9dc75cd02db2630ec,127138746.0,75201.28741295284,928672.701139186
8450f0ea2b9d3e60a3c6d8072d0d5d274c7d71391c6200446807982f67cbf901,453547760.0,56697.25909230045,796986.2123764956
857babefc017f58998403c73311003b813869a164c27aa10306d2cd36aad6b4f,416612546.0,70081.299209538,788870.9268022013
8638c09e127d7660d8f3b000032c6760d45d4c8de22ceaba372ef8c8220aee8a,497935826.0,70136.69714149903,867479.5701121406
869f9bd34661b72054ac849e331523d43bb960d4bc0e759b12e3460279f0dacd,54233824.0,120453.42360390938,1076121.7042734802
871eaa5fc12268333ab4e06e081f6f4ad8ce8ae70e6a8777d95b82a4e1ca60c2,20142116.0,129395.99754994425,1140368.8262832055
87d22a3bce204f7bcca80fe784bba5865856b52eeab2d3881540f46cf2c20a1c,555876314.0,31804.57109376259,719867.7450705918
87df89ea23603d182cb9b030af067178a07dae27847b075f8d38a12ca648ac6e,149694078.0,89435.51344746469,907674.325335597
88f579e3b2a4132ac898ae996e29d2e4791c0209bb7f682f5cf2dc8c0345f65a,301623130.0,42090.15997853043,793146.3693618785
8a64548378cab884ccbf1aa97607b383af7f45bde2e1834e2a494329b450f416,113877798.0,170859.86108973407,1130848.8154354848
8b22952f2d0d3ee6a5faf3f82ce52ffdcdb9411cbe19b93210c0f246a8faf8b9,138641600.0,71137.02526339673,952677.6044357833
8b9a93244dc8af96c5e2463f4d3525803f289e8c25b1f604b5b73e04c905aa58,228443886.0,52644.771841238,856982.6274616723
8c58ecc29bd643a8226cede01e2b01b8241ea254a97edfed11cf95074244d02a,165988626.0,136226.8492243965,962427.9614380279
8c81eaae0756733749879253ae9271b2182154e1f13905db76984e3ab3f6c588,276577430.0,61936.13066218409,811867.5373081384
8d5e82125666915d8eae6c6c23869aa19381f661877119726cee6b0bb6ae2706,80169456.0,134467.81340470503,1059368.2971542757
8e0a75b1248979abe71378d7297324c664db9d34d245aa6c1eef8efd36aee44a,87655582.0,82188.15688927546,978336.1629645771
8e3a22aaa6ac855801df19dc589e9a7cc35d0151918fe4d8cdd37c16f6052e8b,66912032.0,89810.37292722406,962025.0588092082
8e678efddd22b41540ab2a976c1e6bae7839bfa0f6448150eba9a4977c4de67c,169288150.0,74396.9791589232,893597.105578173
8f5ab7e32e63dc63226d33ba8acf0a0eca4c2af70e44e6d58847d69fef74d75d,535349950.0,55006.94939542635,731926.7145272298
9203572ef6336d569a68c22db11215e655f715719118dc9b5b597613fd21e6d6,132834160.0,97207.34589832897,958394.8065707844
9224bcdf0ed222d95bef5b96527ff34443fec80586a6d2dad34f5f74080193a8,222394246.0,54954.168369098945,832942.4434532638
93ebcfb1b14ed819cc789c3bb1e6a9b21d63ae10a0a211174190c238b3d59a40,29953742.0,150021.59613797316,1104877.528495373
9646f135d17f759b77aa1c57fd0d1e8733e2f822bffb890e7b2ec048055218c4,85781322.0,70785.6870782461,953139.1486066328
97a0ef825778907c9d73c6285a029961760588e7c92e1456a4cfdcc04779239b,424931702.0,115290.40302570249,877202.7897531947
97c55d0e840b0b1f7f4909603fa80ce261fc0585d9b1480facca052c2e1457f4,144984726.0,73681.16532721702,914027.276758324
980b39fc098caa4603386eee494e5f6251e500c5ce96b86aea7642bf4ee5024a,227354250.0,41675.34620119316,820878.0179960603
983674d821d74a9d7b480292bd7d4bb2fe123141dc6f8422a59693c8c700ad9c,188869156.0,63533.886441628085,869683.2497724541
9929baff2c26ed3e41e2caf7022f298f297b104d7a5a020674012cca9f6b852d,214593020.0,82745.27353211252,932355.6002388678
99a1713429e51b2483e259c3929835ed9eb52bf1c9d3ed18005a6223c025865c,133361892.0,78160.77913678315,945258.0502495732
99b2a90052e681df534f8163b86961a831fd2085f2f30ad28f3451cec8bbb09e,32309698.0,163916.33755693134,1144329.029375185
9a149e192a525b1861ca2fef31f654c620f9f2d690740ba7413a752a12966149,216360848.0,80836.21725128003,899337.5412270988
9a161e10794647f435bb62dfe043838261affec244cf377b1d568d5b858f2e67,62780456.0,97275.44704220735,978216.7745452177
9a93f558b8b5e4a7592fec42c8e37a7d0c0199b20041da8260d4a969d86ad2e3,117680328.0,138567.93109407244,1049369.3118985086
9bf37a3b2943e05195c78e53de1a21344ab8eb9617f3a36e16df43871cc96882,198347086.0,65922.48021689728,841089.9457761829
9c35d1971bafe5104229f5bd00661679b91eb8e88eca89066ed26b99f250be63,100210034.0,88520.08808683422,913426.442716174
9c69e2a1324bf23895eaf09c70c877fb5bbd62f4f24537a75640c730678a8bd4,127697548.0,83097.96126278405,938182.0103743644
9c78f13897b25df02c0e7dc66981c4cbaeab25d4958771d56ab578f254e7cc19,35735960.0,127144.30414957771,1088913.9412156655
9cd1e92a17250ed7b90787ec9e0611b09e245624693542f88db4ad722ed35a0c,105939514.0,72590.20225906812,974103.1094011201
9e3851388758a2168eb58b49df46874167ba8b73b0526d119d8c403e03af58f6,268301088.0,72792.2366465035,840507.2061363644
9e9b7f08f0c14d662d2bed63eec398fc09c9403f23184fe73f3c8ec4dc6f0679,257901912.0,100934.64103255328,910330.912801292
9f05e2c69df3bd12b2e5c15e650d5a730cb6896ee1a200e7d68b9d074f50cd9f,62014122.0,112571.09095507278,993497.0740309512
9f2fac7dc49fa146662f849842979ea3709646867890dbd101a7652475ea0189,305564268.0,51559.934647731745,785875.652668372
9f34f0dda3df30b9537fa017e1db09f9b1b23d061078ed96ae158e7652ae90a0,185855390.0,83544.93096542638,878712.7330483291
9f56d78a5f840d99561e5567916ba013cc38d46c1c41d7fa370d10a72da38bc5,509044614.0,55794.33305166371,763630.1121427045
9fd1f024add1bed5786eabdbd4411dfcca7d40342f1cf3ab6ea4fc5d0a517763,411445822.0,75385.02710682106,804876.6587176766
9fda0ba0637ac3f2a7b49118239b3d8c5169cf1d9a6514cdc9737c0ddd2d7e30,50600110.0,86487.10749066561,1047019.8887520129
a0626f11241e3971611d1c3631e84ea9fbb8984627906acbd83f87f5fb236ad1,123131718.0,84732.56923446068,935606.759342993
a11073828687be6475d24f7e1564cc8c0ca1ee3929eecea0fe73034f027a7645,92953808.0,105525.7579300506,1013779.4865213693
a17dffeb93baba1065cc3d9c558d5cc27a27c73207b8ee0b3d4a1449fc4a4cf6,118708446.0,74819.57909340033,994550.9252531334
a17ea7f4ecc35cd871d49f9885bd6d0d038e2111d3bc81769cedde7c5367e862,262808168.0,67438.98858796347,884089.3120836528
a2b03db7259f79548ed67161061eb295295ce2f2c85a5152f32d5fe773cee00d,406481446.0,109568.54174300379,907902.4507319925
a3528a50d3b749aa1f671a485d6ff1d64974e89e9cb16eaddbbb198f22d16167,43510978.0,132495.19258199172,1016756.4346968251
a38dcca81f2d93f3bf1a88f895e097959f84ace5eb5c236ae3300016ca46d23f,243109050.0,63536.013873271884,825955.0245644344
a3f7d37729c2c2461aa4e15bf5c7e505271f74667c11847c4b72e0915b4125b1,105964372.0,113530.8386814144,955749.5828946582
a46edfccd9464366a0f42fab85406c1eab0fd6d87df9f08b748efddbec0e41a3,191518668.0,148700.64944006602,1013145.0523509259
a4bacb2ac9a92accd87e2d469133fee679e40efdbab246057502b0b0a3cf15d6,74135294.0,105599.08407766272,990412.1594435401
a51e414828415663f49c99e997a5c992ae4cb7e881e08734601216e6c0ffd86a,176306444.0,65438.47956505921,853767.2778393218
a5caea6a3c80d0acb810920b3123cc374fd5ba110da42c4cdd3dcd7f93826648,555384174.0,41902.69521721193,730945.4036141128
a62233cf7140a0be9a1d6560eebeadcf54eb35589a045c53c297b37555561420,390999262.0,37151.75226314387,806825.5566935823
a64b06fda427ed48bc7af7e50d64d54237fe20b2542becb4d1b0fa5e1fdeaa7e,44733210.0,97337.81391439082,1070676.4531729007
a6526f86a64f09aa1078687f808f743fd5620bada58d86a1327d78acbdc94223,306919944.0,58338.745872880565,788562.2156749285
a6f6e94ff06ba3532b04befe0a32955c9f17a0f00ff77e876d79ff04e54a4c9e,53167426.0,141069.55517223585,1058205.589485519
a7385534c8d1a5ee11fe360310073b0e19d7c39316674b3c33fda116dacac018,125012802.0,121148.38270620191,983385.030223466
a766dd058f1d06da002a6dffcad5079885668863feaceefea99ae2163cfef571,163181920.0,68403.21161000388,895972.6738748446
a78d000dcd6b76d21fae43bb757b9e570a2c72c788f21e5d7f47d06b9d7cd4d7,350821336.0,111000.31445118616,882289.7017950526
a7996eea13ab92477219daf280f3a9007d511768c5c7a4878b4e639e0582c6c7,265512220.0,43935.96573986985,807924.8401213415
a7e013399f19e60c366d61957b7a20b5ad602fa3d837362fbba748046553afc4,261023730.0,68766.9308557297,826500.2378151773
a94f8b1584a0d1ce234e7361100bded18e01c8a40c9654dfece2bba93b4369da,156985452.0,91252.58432164128,934658.9378366948
a97d5388f4b6a9ea8329386fa96b75b9c087cb1ce24f5ae72eb9a52e576f2dbd,195263596.0,59562.082755031166,856970.4498219418
aa1b161be9834cec0f6054684df354a50820b1a8b6d610994ae3cab9515ea524,292407378.0,72538.6626480637,813996.7063881373
aa2d5b640835cfde435894c9c84692ceba87aa8736419a59d50b30e1d67152d3,58585978.0,97903.79054789075,966733.0692145798
ab0db34a5178a00c79be495b9bb012effd26e8da7224064899bb63fa680f9d5d,121783068.0,99447.8653119922,973468.1405846289
ab1ae1c1893bf487ac34adeb251fb3a923da231c653381b3e330eaa1cf255f1e,81589286.0,85652.3292187285,1004763.3288725952
abaa332ef85a6ba4bfbf1db8c08be6cd79c9b456e3391d843118a731d80340bb,137754992.0,66917.50871290456,895726.6170781358
ac723b851a03b86c9a03265355e01afb6d5513f25a7f7119ee2e58bc82502d41,332600328.0,37097.87803800965,763657.6959325068
accbc2057301adef5d82db9b907eae3234941368397dbbe2e7a8837d7f21489e,33469890.0,166446.87512676697,1139249.226610408
ace1473aef776ecbbc37be7e1aef57ad37da0149214f4e3530dfcecfd1d231cb,131581796.0,57161.51520035557,890294.24675432
ae2fabcca5f3b3356c6910b2739ecfef02c6c8d173cc0002ce2a9fdcb359e45a,235203336.0,82723.61588677313,899636.6168527069
afa5cdafe911abbeef46fd1cb1ef4f772dadc250d71f1cb3bc70ede1280b099c,346867742.0,48752.80490518679,817483.7207643713
b00533137510d7eb488f5c809016dc24e1e2b2de92700abcccf8a877b450f449,94260964.0,102084.67799021449,1036401.5483082628
b11a74f2f3121d4caef230a0feb35e1a184cfa1344c2471ad61d3e5dfbda8249,197747050.0,82710.85448633044,845579.773861912
b2c8172e3d92009b0fef9624d4c3dcdca89e3fceb9dc09b7c0d32d470789a6d7,131618806.0,77438.08153430457,946196.5761203992
b2d3c9284f9f2b28e2cc5576ce5ddfd92adc557c631c15d714e42162625da33c,370515156.0,49093.26843465657,764634.7795184742
b3de7c1764304302aed100c9af2563aed49de0a7e16ad0f5c4f5e7ca1f516a88,119741396.0,72964.51253460816,987361.8967604017
b3ec0294b71e2d87009d957db6f852da9b2c75006d1f9c48c86e38a60f41434f,99937652.0,67663.53328227066,914427.923526473
b40a9b468e57da9a58a661ffa9f995c6f8d8417c0eec4136e7ab959f5ef47291,81576040.0,82284.64198692304,938457.8231105614
b5c8838a036981635c779005d1d5b145bed5c81e441b367532f7c464001c2128,124582738.0,84464.89568547919,913876.8403328909
b66b126e07315b5e1f5c8a989ef20ccf04a24c7e3a509769f435b1839f313c05,2514207522.0,74635.21975132919,806026.0561336889
b6bd26e24f5906e4704fe8e8dba342c6d92c96d72aaaf8c739fb6e97bc2eaf17,39836400.0,120757.38672073858,1038960.4212085208
b6c3d955e1dca3074a838dd7152355f467e4d7d70fe40ebd9e3d9555037552b9,114502780.0,94655.73521291827,953728.068130281
b79ab39a6aae7a106a152734884f746213a143d5d3b474ff451f8eee63c78755,23759976.0,127826.87728275284,1158241.1520886275
b7a02448f5b0f04f71cb487f470501c9be9e7488eacc68e7ce03b297ffb218cc,152462352.0,47804.23248492711,901881.533169548
b7a139e2b48ce3c61c7e12d4bc5e658376ae0d8b6afcefb6637da0e4489f9cd2,112106794.0,59809.73489399552,912970.0441930825
b93a9e8648a96bd824ea4319e5f80a963ec5bafbeef567a45532726cc7dfd920,477967430.0,69096.25776113312,776341.067536737
ba327052ad08c8feaad5807d6a10f6e50337c9cfaaa88594e1669d5637f537ca,79223278.0,101846.19074990891,1046532.7543478046
bab0102adc5ca9c70642314065ee88a86406a1111663dfbb4f1edb1e74ea8c5d,18406040.0,155033.81718913262,1219171.4165655456
bb5bfeb080064de78f120c887dc1c1c794b0fca5240c17a163bc42b2b283abf8,147674242.0,92643.32739194566,918604.3266208327
bb6bbf8d5da753d957bca052d76c35084c39f3bc32b4daaf34e2477c764b7be0,49928672.0,152411.40468283312,1102687.678930665
bc78925cc7998f0f63f70ef0ad056a8a40c97165f331820a53e737a92fca0bfc,234920630.0,58559.163634525816,848984.3044890265
bc920d97712a85db3140eba75e18e4122ca49fbd071718c92c83e5c9a008f2cd,149578364.0,62638.093171293665,874546.6333099233
bcbe6f53e2edb410e402dfbe000f5242340f055a0e308aa1aeea5936aebe7836,119566806.0,66598.78089646559,924775.3153026706
bd470dd788c9dc04361ef0cadb84e383e56870f697ef186e911c49a816c66a76,39817982.0,143086.21292093248,1080768.7253155676
bdd07fd3b89d4b9d39e0c836019021fd7659133c313b6e70e8c6c6d3cb452e0a,47193414.0,124329.40131555579,1079505.4768452905
be0163cfe6110bba0132b2ea1bd8a6a4fd0948223969e73d4ac44b5d42a2b0da,508673158.0,82165.49656736266,822615.1185717065
bedd6696ddfd542eb1d189bf758461cc8b16f233d3bba7c24fd678be0bde08ab,184548378.0,66448.17347268312,828956.1675595787
bf2928c09b79131879fe7173b14b4a0edfbf01cce7238cabe884e1a27b85a7bc,104728764.0,100439.0697804466,948986.747543796
c0e18ec88224f8dbc4fab9bd048fe86025c2a57a9c641e072598956a70460804,90525610.0,94738.19914675996,990092.1425124325
c0f8c7353355d86e8890862edc24d7c05670e74daf730089b563ffb42ec6e132,144780526.0,63353.82810681482,874719.1984440523
c15edfaf420471dbe5786659e5d9f9c4c491329c0012c7c84475f704e70b8a4c,263096740.0,63605.832352508165,826370.5418839256
c1821aef985a883e7ecb5f7915340346a4aadf1904c86b6591bc4861be8026fa,170156722.0,57359.191067850654,848482.905340944
c31fea01c9cbf31f070cfaf70d1b7ff03d8245eb046b66ce9f937059f059c41b,48971836.0,96587.49684254342,1030450.4384348185
c3d44a1949819b3de848a9c975751a48ec984847c2965e29f7b72af8245a35ee,93602362.0,80592.83262023269,999427.0779355554
c42b250d0a2eaaad3b9b404fb0d15a82176eefba1ddd1a665c1c0bee6532d485,254071006.0,112533.51632734081,951269.9874270408
c4664d6c9caee8742869cd5e484b646c7ac93257acd5c6fb6ef1d2e789836cb0,57290224.0,99287.87097828757,992617.8242519733
c586c12b1ce07a3782d4841a867792b59e845c1818f45e6bfe2bdfbcc5958ebe,63348076.0,97178.71170252691,969216.1077725278
c5faab01d6fed8821ec04c00f6a9c57197dffd5fac5cdd9871323e30bb5bf225,181480788.0,117211.50016674897,936460.7222705741
c71086d68b7b2e07dc99e1a36e8d9bafa2a6ab0f7764ad3797439678572bd1cd,374889586.0,95178.11712909873,906989.0134713856
c7e2694f2f9c63c2fbcada715d0ad7b134b0056c52253ee092cab4886967e86f,298798294.0,79010.13569698589,849171.7981347499
c8b6018cddfc82c11e15a2309a99fb233048b13554fba9e994a51e3dea2cb731,110864488.0,89002.38987689716,933239.3488523846
c8d25779bd80be638d82bad448ebfe94848a37fda0da2811c319dd7b3cb777ff,119775840.0,103923.90235093771,959340.8073754554
ca3b4fd69f627a5737eca7da7c6a50f83a80cc22d1e30a88faada64b1fbdccbc,291273974.0,56648.881931115895,774534.8721536857
ca4ce1a48003b5b22f90ea5fb0a2634d1669589a64ee0a557637e9c19a1e6a2b,621908196,163345.68269658374,3243078.081361886
caba87fb12785106e52da37540aa5b3d8e696cc2a36396724081838f48312e79,149195124.0,105093.85748904033,922371.9877255561
cc6af3365913a01b7bbc998fb336b9ae677c628d261e12ada76e27e05bcf5578,412531750.0,88683.50379900783,895621.0486713223
ccc87d39e903a940008d3dd644b79226e869734ccdcdca9d0f60a22c74e81fae,99560388.0,97147.0186942367,958716.393725258
ce44f365a00f9571582f73a97a7a9972ed2bf1edd6a7961271d50fae34d08ee0,357003784.0,50260.88571954207,761527.0959068293
cec86191355971eff96f432da7653a7605c19541033015b0c527d3ec7fd8c055,92050654.0,80064.50224831839,912947.7856709152
d194c695750a198004a47a7fb3d59a911853d2bd3e03e9048d512e98e48f24f8,347213742.0,46520.923974502664,765558.9260518933
d2584517cc575368729fc1bd19ff5780a3d16364f93e39e0824c291baacce6c3,322068218,545180.6457436215,4816778.002940622
d27c8e5b000fdedda9c54deac2d1131ab45ae17b239cda5516cbaf4af6b3fb6a,60831408.0,87530.28097054992,1006321.7836200648
d2b1d74f37b390559c09f91fd8cb4e8992ca4d2ecea40fd89ee91505eac54d33,154844540.0,97855.23043417124,955313.5714256554
d30217fafbc914c214d682cce58e2599ed6e35ff3e0338495019ca9c563240ea,327328346.0,78839.08810186027,843549.4173789213
d339cf8ba402257987b72988619045746483b9031ff8e0324fc6e384fbf7a3a2,483651698.0,64376.01019229636,805103.5549147563
d3ce2d5a61216cfae20572856de6e36fb8de8c29e9551df250c71f7eaa720faa,199332178,6218885.962516468,45406261.60272054
d3f03c3bf7023d0804ca4139e0a8ec276e9a039a120b5335e9eaec901a2d3ad5,303194712.0,45915.46487073662,820002.6341691839
d5d10b0f4ca80c2962185750dd05bd5b2ba1c17969a4e131aa18347e6037a74d,343533656.0,75542.86546125535,864832.9874862395
d7198008642daf67a37b3965ee97f888675faff2df2680a36d9e0aff0c1d2069,117247892.0,107303.36287964231,986668.822003587
d81e41f10b6450c1f2808e0af534d8d84445fb8020a04d43d3a83679327af235,168531208.0,66632.46449952648,933979.5848353155
d99504babcc612a2f14af8a370d7699fc472534930444d8a395601f0968bfd99,100715120.0,109255.61827629305,1004519.5639383482
da33578e8a1e2733a2832e909f2dfc4accd50a3f1b3c0ed3bb4ebdb2029753cd,283965858.0,70503.83348341763,824731.1339365816
da5ce6dac2da8f7e702e459ffadd87eaf87481d87da167f1e896ae0854890eb2,64451918.0,109732.26737699452,985663.1308310711
dabd50ef19f8bb240fdea0e389345a114e9141f634690ba5409e65c59600ff4a,200755040.0,122947.87899328167,921644.938947471
db42c085eb43a45abf3eaafa44d8f1370c2e03bd9802fc83592aeb854f42bff3,90728470.0,73269.18022677886,919943.3951197526
dbaec99ac2ad85ecd6ab766bc803b3c98f57d517b4cde11c4a1ba1e2b1e6c082,345874142.0,36806.673347999946,744377.5441717816
dc4a0e157ed0f8a25fa90e6e5a21d134fe135be6d0c11a96fef9257a556cb92e,260188744.0,104635.62417422792,900786.857098698
dc4afff2e881e3c6ef470242d13abfd6285391764b5552bada49051f5530137a,49912560.0,93146.39706296215,1040344.986037476
dc93577863696c98b151a6de380d71b1d6a31845f86fa808dda83f15c20488f5,56395672.0,94893.59374533406,1018190.46873576
dca44a5c670775844f82fee81914f36d93c4458d6d07bb9966dcd0d6690b6bd3,130613188.0,53580.27671755339,857724.874692302
dd4f833f5f774062c6adc03a143087824507672fe18cb5b91cac2ccaf0ffa563,1049997742.0,49105.24148618739,701672.8877334185
dd8551d19fef01f9a9cae1f371a0871d2d1ed1f0565eb0534b1ac232ed5f3e3c,47224916.0,203549.30315845524,1249432.5542926686
de50772da4b0f6cef2b531a0c264f54ef39f4bd645af4913cda96a3167caf787,129289658.0,77626.76572305661,895468.5298156659
de678c2f0bcd05a081fa83037cc697486c037ba8e71c27570b48dcb767c8ffef,128873180.0,87794.86440134354,955716.0008965024
dee52ae07bde8f6d5ee975cc18834f7497494efc52ec22edf8d2748ea0c0fa72,174267976.0,55712.62108845913,846101.318319014
df4975ef094daba11318be97a82b4a59e6f3aa516ce1c85c0b4c343e9d11e558,145932692.0,89199.24194620979,933431.9012907423
e00d02fb10fc000af702910c55b3fbd65e52b16f36bbe7eadb2d7ff276807d64,81586536.0,89356.20902402679,917390.8972011047
e032f5625b3cb22cd5b58280842b8ec5f84e0fcfe7ec4f286b5153dbabd23e20,72490146.0,73773.86834808358,950021.2276073934
e1fc7556748bcdad45cc13d63c5c5888b962a9d063ff1cea52dac8c856eb07d9,169014628.0,44565.22207243817,852128.6546734545
e2fd6ce237e1e89312c410c23bfc650753160e30f61f433ce6a9befa77ba1247,155862128.0,209147.39594643613,1393405.3056182645
e334e9be1c4b5818b12c24dcbfcbcdaed6069c19a38fb417c24cad9c5cb4f4fa,248933782.0,120977.06825652233,939126.3331920136
e35b3c3fafaac7513e8c1d3259fdf6d2e784768e6436be84aeea6fa1095f301d,18849220.0,176110.50858035998,1151276.9738056383
e3c07ad92c6ccf7ea5b2c3fab95592fcde26c9b40046ffedf359e59729cedf60,98132774.0,81997.15783725659,983443.102008211
e3f8f3dac0da70937c250ec99e4488ad0724a04de29aa793ca724aed5b7184c5,112728186.0,91122.03444379987,1009210.9643752963
eb89303713eae5dd3246255715c40d1cc702431bcefffb251886d206d5308de4,89457332.0,62798.368622535076,990329.7635131855
ecb48978d5d2a15f14cb5320b8201c2732012739cf854da98b9f05f4c3361312,125470100.0,76742.94127729321,937655.9507928297
ed4843abbb2f6004f885eae12f16b3b6c6c19e04e3370b34fd0c3443f7f376bd,91170976.0,106056.21186851613,986771.5274314905
ee225844c3741543e486d99b2ec7de5f9da6492ffd81ce79729ae742afd95758,80550370.0,80632.70441744154,959219.2206176876
ee84e6a1965b099b95a33aa31c33d00a3bb1d6ad4ed537d05797acb9d06645a4,1658021318.0,16878.319332942418,617279.0588954927
eeb80f5464ebc20511fd83a45f827d86fb6d18fee54e888098f8c56d9cd3140d,25421778.0,129144.14145227258,1044857.8214214023
ef1f794e794b0fbde01716e5d80ec96077664ebfe165d6b0d2e843338d3b46e3,50209824.0,111799.27634366947,1022402.4751680312
ef2c202a6616f6c5cf4cbb806ab296a478b014267796c6b510b5a88141e7b058,31884986.0,111830.2933817451,1112692.7052072627
f11a15d4ff0b848576aac93a5709e1557e8e794a631415e5709ea90b004ac30d,81644232.0,86154.16985850692,929281.8212646614
f2a4e2711d837ab06f89f70e75b36ccd8af21bad25e9f77f56e6810d9d0b4589,266821992.0,71646.7963938601,862442.7929566526
f2a9c1d30fedddcef97fd50b6398deaf09f151fe4d7e62db2f90895c51810ff9,42280350.0,236124.87149198496,1267123.090555788
f45b474d416947209b1079aee28ffa521064bf0f42378626c3a3678e31bb32de,50284394.0,114758.07864056983,1069696.6534464487
f474a5fd44281a5946e0af404ff9511516a306cb918faf7406ba18f81eb52a69,171119064.0,68875.59571629614,894437.5837753585
f4bf1fc983482c77da6c0ea0ee60dd6fb525351fc32c52dfb5dc13e9effa69fd,10704720.0,146600.85966881478,1287453.452563144
f50ee6a54f11b1f67fc435fadcf667f92b1915edc4f702564ea90d9fe2046682,231925142.0,90276.84205662862,891558.9081848346
f5669a4103c5ea45550c7e3c278e54b384d74d2bb3d3849a30371bfc77e7985d,163498550.0,68746.11646360335,895275.0157387836
f67c5e730b93bef70e07937988851de3b083e69258636a054873c4a583e052b5,215920720.0,71585.03919539323,813840.4611226997
f69b993800c32eba23ff2cb865563ee948fa1a718d7591375bbf906e6357ca9c,51765284.0,98091.97010677935,1003958.9123197137
f6e9d0913427f86b06b0c7af802f5867984747ffa63b9ac593a0747efccd29b0,227809022.0,124600.49314637264,952499.9357456004
f6ec8bd75ab1bf987492e3c3e13ba9b45694eab0e096a8d17c12f8fb1353df4c,318403774.0,84438.65670682918,841417.1003299729
f71e724a7d04d2f4c29a82cccc184cbecd96f4a1db435d27b4d4c5a212c0c985,40755654.0,107549.45995653658,1047619.5355379843
f77b28d47230b7ad1d93cead83b979a3f23f9eb2893b53c884d8d8ecf7f67093,100580188.0,68363.17081202727,948178.4086684239
f91b40a3b681edd92bc4777c83d03fb63293a00f34a854210718ec3825f7ffc7,764319710.0,45482.052722802735,736008.2869026698
f97c589e027a486884b5328c4cd19c437b7f71ac3edcc7540d87423096b33dcd,49853180.0,135015.40167808518,1066376.6176357828
f9f38ea1c3fe89f5479814efdf78d81c15bb2128b7dfd5f57ebf81ffbccb4126,45266594.0,110371.07414090435,1040217.4011143282
fade76e5ff0d5aa704dae5006cec8e08197913549f2f48b531d687c8f83c0d66,191625566.0,110281.69839474889,949296.1392993603
fb0c3c81fc3b679015dfb51108e8dcb8a4b82e694849d107ac84d5e712ef099b,158942572.0,130654.91045366962,973687.1944402767
fb378ddbe589080a47be0980c8281dc99d8af85b682ea656ed5fa42c8f8eb1be,86605352.0,64841.37373366612,940717.4556722135
fb6648716ee62ad386a1796030924a598993629df8d11065b61d4760a5efb5ed,434998222.0,103821.34902470025,902277.4832759042
fbde204b51e000c73977bc0fbb8cd8420aa98122582449ed5bf30da5a9e2374c,226276718.0,93669.81573048122,893556.2800921097
fc56baa9b057cd3a277c9bbbcebd0fd44d32365605d46797bc11db93a10f14ab,104121116,81445.35240324876,723195.502765892
fc7a244197023934220f9797d916e972aab84332194cbe789272983202c19ba6,139535046.0,95031.45663873231,902637.3644676819
fd6e6fdac37fb11a06f2ce44c4cdae564e8c17a98f1021993044ef2e59f68fc7,40565120.0,102016.75929974965,1034163.4718346829
fd8f335e599ff127cacbc6406400eed13d04ab03240b8928a67ee08df5c3328c,404457686.0,50972.213015468085,832687.7372673759
fda23440dcc1fa58bedcdc7127c6af025f473e18fc6360bb29f24593eaefe28a,601979726.0,39219.65009851377,728522.7153308638
ff9f9e38571c619a8e484f746dd61ca0f41ce834298e644060c411ec666a1a1f,996764520.0,24535.286833366925,632629.918379184
fffc5f4538e8e071aed4304f5a80db5e0ac2e317467088d05f38c3a21ab074f6,676755368.0,76022.28171743518,765893.742826884
hello-world,0.2,0.3,0.4
